POP点,设备名,设备IP,告警ID,告警参数描述,告警模块,告警级别,告警时间
核心节点,S2300-A,124.75.34.114,None,获取设备运行信息失败,重要,---,32
核心节点,S2300-B,124.75.34.115,None,获取设备运行信息失败,重要,---,32
核心节点,S2300-1-A,222.68.216.26,None,获取设备运行信息失败,重要,---,32
核心节点,S2300-1-B,222.68.216.27,None,获取设备运行信息失败,重要,---,32
核心节点,S2300-2-A,222.68.216.28,None,获取设备运行信息失败,重要,---,32
核心节点,S2300-2-B,222.68.216.29,None,获取设备运行信息失败,重要,---,32
核心节点,S2300-3-A,222.68.216.30,None,获取设备运行信息失败,重要,---,32
核心节点,S2300-3-B,222.68.216.31,None,获取设备运行信息失败,重要,---,32
核心节点,S2300-4-A,222.68.216.32,None,获取设备运行信息失败,重要,---,32
核心节点,S2300-4-B,222.68.216.33,None,获取设备运行信息失败,重要,---,32
核心节点,S2300-5-A,222.68.216.34,None,获取设备运行信息失败,重要,---,32
核心节点,S2300-5-B,222.68.216.35,None,获取设备运行信息失败,重要,---,32
宝山区域,S2300-1-A,124.75.36.37,None,获取设备运行信息失败,重要,---,32
宝山区域,S2300-1-B,124.75.36.38,None,获取设备运行信息失败,重要,---,32
宝山边缘3,S2300-1-A,222.68.217.55,None,获取设备运行信息失败,重要,---,32
宝山边缘3,S2300-1-B,222.68.217.56,None,获取设备运行信息失败,重要,---,32
宝山边缘3,S2300-2-A,222.68.217.57,None,获取设备运行信息失败,重要,---,32
宝山边缘3,S2300-2-B,222.68.217.58,None,获取设备运行信息失败,重要,---,32
宝山边缘3,S2300-3-A,222.68.217.59,None,获取设备运行信息失败,重要,---,32
宝山边缘3,S2300-3-B,222.68.217.60,None,获取设备运行信息失败,重要,---,32
宝山边缘3,S2300-4-A,222.68.217.61,None,获取设备运行信息失败,重要,---,32
宝山边缘3,S2300-4-B,222.68.217.62,None,获取设备运行信息失败,重要,---,32
宝山边缘4,S2300-1-A,222.68.205.181,None,获取设备运行信息失败,重要,---,32
宝山边缘4,S2300-1-B,222.68.205.182,None,获取设备运行信息失败,重要,---,32
宝山边缘4,S2300-2-A,222.68.205.183,None,获取设备运行信息失败,重要,---,32
宝山边缘4,S2300-2-B,222.68.205.184,None,获取设备运行信息失败,重要,---,32
宝山边缘4,S2300-3-A,222.68.205.185,None,获取设备运行信息失败,重要,---,32
宝山边缘4,S2300-3-B,222.68.205.186,None,获取设备运行信息失败,重要,---,32
宝山边缘4,S2300-4-A,222.68.205.187,None,获取设备运行信息失败,重要,---,32
宝山边缘4,S2300-4-B,222.68.205.188,None,获取设备运行信息失败,重要,---,32
宝山边缘4,S2300-5-A,222.68.205.189,None,获取设备运行信息失败,重要,---,32
宝山边缘4,S2300-5-B,222.68.205.190,None,获取设备运行信息失败,重要,---,32
宝山边缘5,S2300-1-A,218.83.182.143,None,获取设备运行信息失败,重要,---,32
宝山边缘5,S2300-1-B,218.83.182.144,None,获取设备运行信息失败,重要,---,32
宝山边缘5,S2300-2-A,218.83.182.145,None,获取设备运行信息失败,重要,---,32
宝山边缘5,S2300-2-B,218.83.182.146,None,获取设备运行信息失败,重要,---,32
宝山边缘5,S2300-3-A,218.83.182.147,None,获取设备运行信息失败,重要,---,32
宝山边缘5,S2300-3-B,218.83.182.148,None,获取设备运行信息失败,重要,---,32
宝山边缘6,S2300-1-A,218.83.182.207,None,获取设备运行信息失败,重要,---,32
宝山边缘6,S2300-1-B,218.83.182.208,None,获取设备运行信息失败,重要,---,32
宝山边缘6,S2300-2-A,218.83.182.209,None,获取设备运行信息失败,重要,---,32
宝山边缘6,S2300-2-B,218.83.182.210,None,获取设备运行信息失败,重要,---,32
宝山边缘6,S2300-3-A,218.83.182.211,None,获取设备运行信息失败,重要,---,32
宝山边缘6,S2300-3-B,218.83.182.212,None,获取设备运行信息失败,重要,---,32
宝山边缘7,S2300-1-A,218.83.168.174,None,获取设备运行信息失败,重要,---,32
宝山边缘7,S2300-1-B,218.83.168.175,None,获取设备运行信息失败,重要,---,32
宝山边缘7,S2300-2-A,218.83.168.176,None,获取设备运行信息失败,重要,---,32
宝山边缘7,S2300-2-B,218.83.168.177,None,获取设备运行信息失败,重要,---,32
宝山边缘7,S2300-3-A,218.83.168.178,None,获取设备运行信息失败,重要,---,32
宝山边缘7,S2300-3-B,218.83.168.179,None,获取设备运行信息失败,重要,---,32
南区区域,S2300-1-A,124.75.38.37,None,获取设备运行信息失败,重要,---,32
南区区域,S2300-1-B,124.75.38.38,None,获取设备运行信息失败,重要,---,32
南区区域,S2300-2-A,124.75.38.39,None,获取设备运行信息失败,重要,---,32
南区区域,S2300-2-B,124.75.38.40,None,获取设备运行信息失败,重要,---,32
南区区域,S2300-3-A,124.75.38.41,None,获取设备运行信息失败,重要,---,32
南区区域,S2300-3-B,124.75.38.42,None,获取设备运行信息失败,重要,---,32
南区边缘3,S2300-1-A,222.68.217.162,None,获取设备运行信息失败,重要,---,32
南区边缘3,S2300-1-B,222.68.217.163,None,获取设备运行信息失败,重要,---,32
南区边缘3,S2300-2-A,222.68.217.164,None,获取设备运行信息失败,重要,---,32
南区边缘3,S2300-2-B,222.68.217.165,None,获取设备运行信息失败,重要,---,32
南区边缘3,S2300-3-A,222.68.217.166,None,获取设备运行信息失败,重要,---,32
南区边缘3,S2300-3-B,222.68.217.167,None,获取设备运行信息失败,重要,---,32
南区边缘3,S2300-4-A,222.68.217.168,None,获取设备运行信息失败,重要,---,32
南区边缘3,S2300-4-B,222.68.217.169,None,获取设备运行信息失败,重要,---,32
南区边缘3,S2300-5-A,222.68.217.170,None,获取设备运行信息失败,重要,---,32
南区边缘3,S2300-5-B,222.68.217.171,None,获取设备运行信息失败,重要,---,32
南区边缘3,S2300-6-A,222.68.217.153,None,获取设备运行信息失败,重要,---,32
南区边缘3,S2300-6-B,222.68.217.154,None,获取设备运行信息失败,重要,---,32
南区边缘4,S2300-1-A,222.68.205.53,None,获取设备运行信息失败,重要,---,32
南区边缘4,S2300-1-B,222.68.205.54,None,获取设备运行信息失败,重要,---,32
南区边缘4,S2300-2-A,222.68.205.55,None,获取设备运行信息失败,重要,---,32
南区边缘4,S2300-2-B,222.68.205.56,None,获取设备运行信息失败,重要,---,32
南区边缘4,S2300-3-A,222.68.205.57,None,获取设备运行信息失败,重要,---,32
南区边缘4,S2300-3-B,222.68.205.58,None,获取设备运行信息失败,重要,---,32
南区边缘4,S2300-4-A,222.68.205.59,None,获取设备运行信息失败,重要,---,32
南区边缘4,S2300-4-B,222.68.205.60,None,获取设备运行信息失败,重要,---,32
南区边缘4,S2300-5-A,222.68.205.61,None,获取设备运行信息失败,重要,---,32
南区边缘4,S2300-5-B,222.68.205.62,None,获取设备运行信息失败,重要,---,32
南区边缘5,S2300-1-A,218.83.183.15,None,获取设备运行信息失败,重要,---,32
南区边缘5,S2300-1-B,218.83.183.16,None,获取设备运行信息失败,重要,---,32
南区边缘5,S2300-2-A,218.83.183.17,None,获取设备运行信息失败,重要,---,32
南区边缘5,S2300-2-B,218.83.183.18,None,获取设备运行信息失败,重要,---,32
南区边缘5,S2300-3-A,218.83.183.19,None,获取设备运行信息失败,重要,---,32
南区边缘5,S2300-3-B,218.83.183.20,None,获取设备运行信息失败,重要,---,32
南区边缘5,S2300-4-A,218.83.183.23,None,获取设备运行信息失败,重要,---,32
南区边缘5,S2300-4-B,218.83.183.24,None,获取设备运行信息失败,重要,---,32
南区边缘5,S2300-5-A,218.83.183.25,None,获取设备运行信息失败,重要,---,32
南区边缘5,S2300-5-B,218.83.183.26,None,获取设备运行信息失败,重要,---,32
南区边缘6,S2300-1-A,218.83.183.79,None,获取设备运行信息失败,重要,---,32
南区边缘6,S2300-1-B,218.83.183.80,None,获取设备运行信息失败,重要,---,32
南区边缘6,S2300-2-A,218.83.183.81,None,获取设备运行信息失败,重要,---,32
南区边缘6,S2300-2-B,218.83.183.82,None,获取设备运行信息失败,重要,---,32
南区边缘6,S2300-3-A,218.83.183.83,None,获取设备运行信息失败,重要,---,32
南区边缘6,S2300-3-B,218.83.183.84,None,获取设备运行信息失败,重要,---,32
南区边缘6,S2300-4-A,218.83.183.87,None,获取设备运行信息失败,重要,---,32
南区边缘6,S2300-4-B,218.83.183.88,None,获取设备运行信息失败,重要,---,32
南区边缘6,S2300-5-A,218.83.183.89,None,获取设备运行信息失败,重要,---,32
南区边缘6,S2300-5-B,218.83.183.90,None,获取设备运行信息失败,重要,---,32
南区边缘7,S2300-1-A,222.69.157.110,None,获取设备运行信息失败,重要,---,32
南区边缘7,S2300-1-B,222.69.157.111,None,获取设备运行信息失败,重要,---,32
南区边缘7,S2300-2-A,222.69.157.112,None,获取设备运行信息失败,重要,---,32
南区边缘7,S2300-2-B,222.69.157.113,None,获取设备运行信息失败,重要,---,32
南区边缘7,S2300-3-A,222.69.157.114,None,获取设备运行信息失败,重要,---,32
南区边缘7,S2300-3-B,222.69.157.115,None,获取设备运行信息失败,重要,---,32
浦东区域,S2300-1-A,218.83.180.21,None,获取设备运行信息失败,重要,---,32
浦东区域,S2300-1-B,218.83.180.22,None,获取设备运行信息失败,重要,---,32
浦东区域,S2300-2-A,218.83.180.23,None,获取设备运行信息失败,重要,---,32
浦东区域,S2300-2-B,218.83.180.24,None,获取设备运行信息失败,重要,---,32
浦东区域,S2300-3-A,218.83.180.25,None,获取设备运行信息失败,重要,---,32
浦东区域,S2300-3-B,218.83.180.26,None,获取设备运行信息失败,重要,---,32
浦东边缘1,S2300-1-A,222.68.218.55,None,获取设备运行信息失败,重要,---,32
浦东边缘1,S2300-1-B,222.68.218.56,None,获取设备运行信息失败,重要,---,32
浦东边缘1,S2300-2-A,222.68.218.57,None,获取设备运行信息失败,重要,---,32
浦东边缘1,S2300-2-B,222.68.218.58,None,获取设备运行信息失败,重要,---,32
浦东边缘1,S2300-3-A,222.68.218.59,None,获取设备运行信息失败,重要,---,32
浦东边缘1,S2300-3-B,222.68.218.60,None,获取设备运行信息失败,重要,---,32
浦东边缘1,S2300-4-A,222.68.218.61,None,获取设备运行信息失败,重要,---,32
浦东边缘1,S2300-4-B,222.68.218.62,None,获取设备运行信息失败,重要,---,32
浦东边缘1,S2300-5-A,222.68.218.53,None,获取设备运行信息失败,重要,---,32
浦东边缘1,S2300-5-B,222.68.218.54,None,获取设备运行信息失败,重要,---,32
浦东边缘1,S2300-1-A,222.68.218.183,None,获取设备运行信息失败,重要,---,32
浦东边缘1,S2300-1-B,222.68.218.184,None,获取设备运行信息失败,重要,---,32
浦东边缘1,S2300-2-A,222.68.218.185,None,获取设备运行信息失败,重要,---,32
浦东边缘1,S2300-2-B,222.68.218.186,None,获取设备运行信息失败,重要,---,32
浦东边缘1,S2300-3-A,222.68.218.187,None,获取设备运行信息失败,重要,---,32
浦东边缘1,S2300-3-B,222.68.218.188,None,获取设备运行信息失败,重要,---,32
浦东边缘1,S2300-4-A,222.68.218.189,None,获取设备运行信息失败,重要,---,32
浦东边缘1,S2300-4-B,222.68.218.190,None,获取设备运行信息失败,重要,---,32
浦东边缘3,S2300-1-A,218.83.181.15,None,获取设备运行信息失败,重要,---,32
浦东边缘3,S2300-1-B,218.83.181.16,None,获取设备运行信息失败,重要,---,32
浦东边缘3,S2300-2-A,218.83.181.17,None,获取设备运行信息失败,重要,---,32
浦东边缘3,S2300-2-B,218.83.181.18,None,获取设备运行信息失败,重要,---,32
浦东边缘3,S2300-3-A,218.83.181.19,None,获取设备运行信息失败,重要,---,32
浦东边缘3,S2300-3-B,218.83.181.20,None,获取设备运行信息失败,重要,---,32
浦东边缘4,S2300-1-A,218.83.181.79,None,获取设备运行信息失败,重要,---,32
浦东边缘4,S2300-1-B,218.83.181.80,None,获取设备运行信息失败,重要,---,32
浦东边缘4,S2300-2-A,218.83.181.81,None,获取设备运行信息失败,重要,---,32
浦东边缘4,S2300-2-B,218.83.181.82,None,获取设备运行信息失败,重要,---,32
浦东边缘4,S2300-3-A,218.83.181.83,None,获取设备运行信息失败,重要,---,32
浦东边缘4,S2300-3-B,218.83.181.84,None,获取设备运行信息失败,重要,---,32
浦东边缘5,S2300-1-A,222.69.157.15,None,获取设备运行信息失败,重要,---,32
浦东边缘5,S2300-1-B,222.69.157.16,None,获取设备运行信息失败,重要,---,32
浦东边缘5,S2300-2-A,222.69.157.17,None,获取设备运行信息失败,重要,---,32
浦东边缘5,S2300-2-B,222.69.157.18,None,获取设备运行信息失败,重要,---,32
浦东边缘5,S2300-3-A,222.69.157.19,None,获取设备运行信息失败,重要,---,32
浦东边缘5,S2300-3-B,222.69.157.20,None,获取设备运行信息失败,重要,---,32
浦东边缘6,S2300-1-A,218.83.184.238,None,获取设备运行信息失败,重要,---,32
浦东边缘6,S2300-1-B,218.83.184.239,None,获取设备运行信息失败,重要,---,32
浦东边缘6,S2300-2-A,218.83.184.240,None,获取设备运行信息失败,重要,---,32
浦东边缘6,S2300-2-B,218.83.184.241,None,获取设备运行信息失败,重要,---,32
浦东边缘6,S2300-3-A,218.83.184.242,None,获取设备运行信息失败,重要,---,32
浦东边缘6,S2300-3-B,218.83.184.243,None,获取设备运行信息失败,重要,---,32
莘闵区域,S2300-1-A,218.83.180.149,None,获取设备运行信息失败,重要,---,32
莘闵区域,S2300-1-B,218.83.180.150,None,获取设备运行信息失败,重要,---,32
莘闵区域,S2300-2-A,218.83.180.151,None,获取设备运行信息失败,重要,---,32
莘闵区域,S2300-2-B,218.83.180.152,None,获取设备运行信息失败,重要,---,32
莘闵区域,S2300-3-A,218.83.180.153,None,获取设备运行信息失败,重要,---,32
莘闵区域,S2300-3-B,218.83.180.154,None,获取设备运行信息失败,重要,---,32
莘闵区域,S2300-4-A,10.192.80.82,None,获取设备运行信息失败,重要,---,32
莘闵区域,S2300-4-B,10.192.80.83,None,获取设备运行信息失败,重要,---,32
莘闵区域,S2300-5-A,10.192.80.80,None,获取设备运行信息失败,重要,---,32
莘闵区域,S2300-5-B,10.192.80.81,None,获取设备运行信息失败,重要,---,32
莘闵区域,S2300-6-A,10.192.80.78,None,获取设备运行信息失败,重要,---,32
莘闵区域,S2300-6-B,10.192.80.79,None,获取设备运行信息失败,重要,---,32
莘闵边缘1,S2300-1-A,218.83.181.145,None,获取设备运行信息失败,重要,---,32
莘闵边缘1,S2300-1-B,218.83.181.146,None,获取设备运行信息失败,重要,---,32
莘闵边缘1,S2300-2-A,218.83.181.147,None,获取设备运行信息失败,重要,---,32
莘闵边缘1,S2300-2-B,218.83.181.148,None,获取设备运行信息失败,重要,---,32
莘闵边缘1,S2300-3-A,218.83.181.149,None,获取设备运行信息失败,重要,---,32
莘闵边缘1,S2300-3-B,218.83.181.150,None,获取设备运行信息失败,重要,---,32
莘闵边缘1,S2300-4-A,218.83.181.144,None,获取设备运行信息失败,重要,---,32
莘闵边缘1,S2300-4-B,218.83.181.151,None,获取设备运行信息失败,重要,---,32
莘闵边缘1,S2300-5-A,218.83.181.152,None,获取设备运行信息失败,重要,---,32
莘闵边缘1,S2300-5-B,218.83.181.153,None,获取设备运行信息失败,重要,---,32
莘闵边缘2,S2300-1-A,218.83.181.207,None,获取设备运行信息失败,重要,---,32
莘闵边缘2,S2300-1-B,218.83.181.208,None,获取设备运行信息失败,重要,---,32
莘闵边缘2,S2300-2-A,218.83.181.209,None,获取设备运行信息失败,重要,---,32
莘闵边缘2,S2300-2-B,218.83.181.210,None,获取设备运行信息失败,重要,---,32
莘闵边缘2,S2300-3-A,218.83.181.211,None,获取设备运行信息失败,重要,---,32
莘闵边缘2,S2300-3-B,218.83.181.212,None,获取设备运行信息失败,重要,---,32
莘闵边缘2,S2300-4-A,218.83.181.206,None,获取设备运行信息失败,重要,---,32
莘闵边缘2,S2300-4-B,218.83.181.213,None,获取设备运行信息失败,重要,---,32
莘闵边缘2,S2300-5-A,218.83.181.214,None,获取设备运行信息失败,重要,---,32
莘闵边缘2,S2300-5-B,218.83.181.215,None,获取设备运行信息失败,重要,---,32
莘闵边缘3,S2300-1-A,218.83.182.15,None,获取设备运行信息失败,重要,---,32
莘闵边缘3,S2300-1-B,218.83.182.16,None,获取设备运行信息失败,重要,---,32
莘闵边缘3,S2300-2-A,218.83.182.17,None,获取设备运行信息失败,重要,---,32
莘闵边缘3,S2300-2-B,218.83.182.18,None,获取设备运行信息失败,重要,---,32
莘闵边缘3,S2300-3-A,218.83.182.19,None,获取设备运行信息失败,重要,---,32
莘闵边缘3,S2300-3-B,218.83.182.20,None,获取设备运行信息失败,重要,---,32
莘闵边缘3,S2300-4-A,218.83.182.21,None,获取设备运行信息失败,重要,---,32
莘闵边缘3,S2300-4-B,218.83.182.22,None,获取设备运行信息失败,重要,---,32
莘闵边缘4,S2300-1-A,222.68.196.206,None,获取设备运行信息失败,重要,---,32
莘闵边缘4,S2300-1-B,222.68.196.207,None,获取设备运行信息失败,重要,---,32
莘闵边缘4,S2300-2-A,222.68.196.208,None,获取设备运行信息失败,重要,---,32
莘闵边缘4,S2300-2-B,222.68.196.209,None,获取设备运行信息失败,重要,---,32
莘闵边缘4,S2300-3-A,222.68.196.210,None,获取设备运行信息失败,重要,---,32
莘闵边缘4,S2300-3-B,222.68.196.211,None,获取设备运行信息失败,重要,---,32
莘闵边缘5,S2300-1-A,124.75.22.78,None,获取设备运行信息失败,重要,---,32
莘闵边缘5,S2300-1-B,124.75.22.79,None,获取设备运行信息失败,重要,---,32
莘闵边缘5,S2300-2-A,124.75.22.80,None,获取设备运行信息失败,重要,---,32
莘闵边缘5,S2300-2-B,124.75.22.81,None,获取设备运行信息失败,重要,---,32
莘闵边缘5,S2300-3-A,124.75.22.82,None,获取设备运行信息失败,重要,---,32
莘闵边缘5,S2300-3-B,124.75.22.83,None,获取设备运行信息失败,重要,---,32
中区区域,S2300-1-A,218.83.191.178,None,获取设备运行信息失败,重要,---,32
中区区域,S2300-1-B,218.83.191.179,None,获取设备运行信息失败,重要,---,32
中区区域,S2300-2-A,218.83.191.180,None,获取设备运行信息失败,重要,---,32
中区区域,S2300-2-B,218.83.191.181,None,获取设备运行信息失败,重要,---,32
中区区域,S2300-3-A,218.83.191.182,None,获取设备运行信息失败,重要,---,32
中区区域,S2300-3-B,218.83.191.183,None,获取设备运行信息失败,重要,---,32
中区区域,S2300-4-A,218.83.191.184,None,获取设备运行信息失败,重要,---,32
中区区域,S2300-4-B,218.83.191.185,None,获取设备运行信息失败,重要,---,32
中区边缘1,S2300-1-A,222.68.219.15,None,获取设备运行信息失败,重要,---,32
中区边缘1,S2300-1-B,222.68.219.16,None,获取设备运行信息失败,重要,---,32
中区边缘1,S2300-2-A,222.68.219.17,None,获取设备运行信息失败,重要,---,32
中区边缘1,S2300-2-B,222.68.219.18,None,获取设备运行信息失败,重要,---,32
中区边缘1,S2300-3-A,222.68.219.19,None,获取设备运行信息失败,重要,---,32
中区边缘1,S2300-3-B,222.68.219.20,None,获取设备运行信息失败,重要,---,32
中区边缘1,S2300-4-A,222.68.219.21,None,获取设备运行信息失败,重要,---,32
中区边缘1,S2300-4-B,222.68.219.22,None,获取设备运行信息失败,重要,---,32
中区边缘2,S2300-1-A,222.68.219.79,None,获取设备运行信息失败,重要,---,32
中区边缘2,S2300-1-B,222.68.219.80,None,获取设备运行信息失败,重要,---,32
中区边缘2,S2300-2-A,222.68.219.81,None,获取设备运行信息失败,重要,---,32
中区边缘2,S2300-2-B,222.68.219.82,None,获取设备运行信息失败,重要,---,32
中区边缘2,S2300-3-A,222.68.219.83,None,获取设备运行信息失败,重要,---,32
中区边缘2,S2300-3-B,222.68.219.84,None,获取设备运行信息失败,重要,---,32
中区边缘2,S2300-4-A,222.68.219.85,None,获取设备运行信息失败,重要,---,32
中区边缘2,S2300-4-B,222.68.219.86,None,获取设备运行信息失败,重要,---,32
奉贤区域,S2300-1-A,124.75.25.178,None,获取设备运行信息失败,重要,---,32
奉贤区域,S2300-1-B,124.75.25.179,None,获取设备运行信息失败,重要,---,32
奉贤区域,S2300-2-A,124.75.25.180,None,获取设备运行信息失败,重要,---,32
奉贤区域,S2300-2-B,124.75.25.181,None,获取设备运行信息失败,重要,---,32
奉贤区域,S2300-3-A,124.75.25.182,None,获取设备运行信息失败,重要,---,32
奉贤区域,S2300-3-B,124.75.25.183,None,获取设备运行信息失败,重要,---,32
奉贤区域,S2300-4-A,124.75.25.185,None,获取设备运行信息失败,重要,---,32
奉贤区域,S2300-4-B,124.75.25.186,None,获取设备运行信息失败,重要,---,32
奉贤边缘1,S2300-1-A,218.83.182.79,None,获取设备运行信息失败,重要,---,32
奉贤边缘1,S2300-1-B,218.83.182.80,None,获取设备运行信息失败,重要,---,32
奉贤边缘1,S2300-2-A,218.83.182.81,None,获取设备运行信息失败,重要,---,32
奉贤边缘1,S2300-2-B,218.83.182.82,None,获取设备运行信息失败,重要,---,32
奉贤边缘1,S2300-3-A,218.83.182.83,None,获取设备运行信息失败,重要,---,32
奉贤边缘1,S2300-3-B,218.83.182.84,None,获取设备运行信息失败,重要,---,32
奉贤边缘1,S2300-4-A,218.83.182.85,None,获取设备运行信息失败,重要,---,32
奉贤边缘1,S2300-4-B,218.83.182.86,None,获取设备运行信息失败,重要,---,32
奉贤边缘1,S2300-5-A,218.83.182.87,None,获取设备运行信息失败,重要,---,32
奉贤边缘1,S2300-5-B,218.83.182.88,None,获取设备运行信息失败,重要,---,32
奉贤边缘2,S2300-1-A,218.83.164.206,None,获取设备运行信息失败,重要,---,32
奉贤边缘2,S2300-1-B,218.83.164.207,None,获取设备运行信息失败,重要,---,32
奉贤边缘2,S2300-2-A,218.83.164.208,None,获取设备运行信息失败,重要,---,32
奉贤边缘2,S2300-2-B,218.83.164.209,None,获取设备运行信息失败,重要,---,32
奉贤边缘2,S2300-3-A,218.83.164.210,None,获取设备运行信息失败,重要,---,32
奉贤边缘2,S2300-3-B,218.83.164.211,None,获取设备运行信息失败,重要,---,32
西区区域,S2300-1-A,218.83.191.82,None,获取设备运行信息失败,重要,---,32
西区区域,S2300-1-B,218.83.191.83,None,获取设备运行信息失败,重要,---,32
西区区域,S2300-2-A,218.83.191.84,None,获取设备运行信息失败,重要,---,32
西区区域,S2300-2-B,218.83.191.85,None,获取设备运行信息失败,重要,---,32
西区区域,S2300-3-A,218.83.191.86,None,获取设备运行信息失败,重要,---,32
西区区域,S2300-3-B,218.83.191.87,None,获取设备运行信息失败,重要,---,32
西区区域,S2300-4-A,218.83.191.88,None,获取设备运行信息失败,重要,---,32
西区区域,S2300-4-B,218.83.191.89,None,获取设备运行信息失败,重要,---,32
西区边缘1,S2300-1-A,222.68.196.110,None,获取设备运行信息失败,重要,---,32
西区边缘1,S2300-1-B,222.68.196.111,None,获取设备运行信息失败,重要,---,32
西区边缘1,S2300-2-A,222.68.196.112,None,获取设备运行信息失败,重要,---,32
西区边缘1,S2300-2-B,222.68.196.113,None,获取设备运行信息失败,重要,---,32
西区边缘1,S2300-3-A,222.68.196.114,None,获取设备运行信息失败,重要,---,32
西区边缘1,S2300-3-B,222.68.196.115,None,获取设备运行信息失败,重要,---,32
青浦边缘1,S3900-1-B,10.192.85.78,None,CONNECT FAILED,Major,---,8
南区肇家浜边缘2,S3900-2-B,10.192.83.48,None,CONNECT FAILED,Major,---,8
南区区域2,S3900-2-A,10.192.83.13,None,CONNECT FAILED,Major,---,8
青浦边缘1,S3900-1-A,10.192.85.77,None,CONNECT FAILED,Major,---,8
奉贤边缘3,S3900-1-A,10.192.85.203,None,CONNECT FAILED,Major,---,8
莘闵纪王边缘1,S3900-2-A,10.192.84.15,None,CONNECT FAILED,Major,---,8
中区云南边缘1,S3900-2-B,10.192.81.48,None,CONNECT FAILED,Major,---,8
嘉定边缘1,S3900-2-A,10.192.85.15,None,CONNECT FAILED,Major,---,8
莘闵纪王边缘1,S3900-1-B,10.192.84.14,None,CONNECT FAILED,Major,---,8
浦东区域2,S3900-2-A,10.192.82.175,None,CONNECT FAILED,Major,---,8
浦东边缘8,S3900-2-A,10.192.82.47,None,CONNECT FAILED,Major,---,8
西区边缘2,S3900-2-B,10.192.83.112,None,CONNECT FAILED,Major,---,8
南区区域2,S3900-2-B,10.192.83.14,None,CONNECT FAILED,Major,---,8
浦东边缘10,S3900-2-A,10.192.82.111,None,CONNECT FAILED,Major,---,8
核心节点,S3900-1-A,222.68.216.37,None,CONNECT FAILED,Major,---,8
宝山边缘8,S3900-2-A,10.192.84.143,None,CONNECT FAILED,Major,---,8
浦东边缘8,S3900-1-A,10.192.82.45,None,CONNECT FAILED,Major,---,8
莘闵纪王边缘2,S3900-1-A,10.192.84.45,None,CONNECT FAILED,Major,---,8
嘉定边缘1,S3900-1-A,10.192.85.13,None,CONNECT FAILED,Major,---,8
南区肇家浜边缘2,S3900-2-A,10.192.83.47,None,CONNECT FAILED,Major,---,8
松江边缘1,S3900-2-A,10.192.85.111,None,CONNECT FAILED,Major,---,8
中区云南边缘1,S3900-1-B,10.192.81.46,None,CONNECT FAILED,Major,---,8
嘉定边缘1,S3900-2-B,10.192.85.16,None,CONNECT FAILED,Major,---,8
核心节点,S3900-1-B,222.68.216.38,None,CONNECT FAILED,Major,---,8
西区边缘2,S3900-1-B,10.192.83.110,None,CONNECT FAILED,Major,---,8
西区边缘2,S3900-1-A,10.192.83.109,None,CONNECT FAILED,Major,---,8
浦东边缘7,S3900-1-B,10.192.82.14,None,CONNECT FAILED,Major,---,8
西区濮家桥边缘1,S3900-2-A,10.192.83.143,None,CONNECT FAILED,Major,---,8
浦东区域2,S3900-1-A,10.192.82.173,None,CONNECT FAILED,Major,---,8
西区濮家桥边缘2,S3900-2-B,10.192.83.176,None,CONNECT FAILED,Major,---,8
中区云南边缘2,S3900-2-B,10.192.81.80,None,CONNECT FAILED,Major,---,8
浦东区域2,S3900-2-B,10.192.82.176,None,CONNECT FAILED,Major,---,8
宝山边缘8,S3900-1-B,10.192.84.142,None,CONNECT FAILED,Major,---,8
青浦边缘1,S3900-2-B,10.192.85.80,None,CONNECT FAILED,Major,---,8
松江边缘1,S3900-1-A,10.192.85.109,None,CONNECT FAILED,Major,---,8
松江边缘1,S3900-1-B,10.192.85.110,None,CONNECT FAILED,Major,---,8
奉贤边缘4,S3900-1-B,10.192.85.236,None,CONNECT FAILED,Major,---,8
松江边缘1,S3900-2-B,10.192.85.112,None,CONNECT FAILED,Major,---,8
奉贤边缘3,S3900-1-B,10.192.85.204,None,CONNECT FAILED,Major,---,8
南区肇家浜边缘2,S3900-1-A,10.192.83.45,None,CONNECT FAILED,Major,---,8
西区濮家桥边缘2,S3900-1-B,10.192.83.174,None,CONNECT FAILED,Major,---,8
嘉定边缘1,S3900-1-B,10.192.85.14,None,CONNECT FAILED,Major,---,8
中区云南边缘1,S3900-1-A,10.192.81.45,None,CONNECT FAILED,Major,---,8
西区濮家桥边缘1,S3900-1-B,10.192.83.142,None,CONNECT FAILED,Major,---,8
中区云南边缘3,S3900-2-B,10.192.82.208,None,CONNECT FAILED,Major,---,8
莘闵纪王边缘1,S3900-1-A,10.192.84.13,None,CONNECT FAILED,Major,---,8
浦东区域2,S3900-1-B,10.192.82.174,None,CONNECT FAILED,Major,---,8
中区云南边缘3,S3900-1-A,10.192.82.205,None,CONNECT FAILED,Major,---,8
中区云南边缘2,S3900-1-A,10.192.81.77,None,CONNECT FAILED,Major,---,8
浦东边缘10,S3900-1-B,10.192.82.110,None,CONNECT FAILED,Major,---,8
浦东边缘7,S3900-2-A,10.192.82.15,None,CONNECT FAILED,Major,---,8
浦东边缘7,S3900-1-A,10.192.82.13,None,CONNECT FAILED,Major,---,8
南区肇家浜边缘2,S3900-1-B,10.192.83.46,None,CONNECT FAILED,Major,---,8
莘闵纪王边缘1,S3900-2-B,10.192.84.16,None,CONNECT FAILED,Major,---,8
南区肇家浜边缘1,S3900-1-B,10.192.81.12,None,CONNECT FAILED,Major,---,8
中区云南边缘3,S3900-1-B,10.192.82.206,None,CONNECT FAILED,Major,---,8
浦东边缘8,S3900-1-B,10.192.82.46,None,CONNECT FAILED,Major,---,8
浦东边缘7,S3900-2-B,10.192.82.16,None,CONNECT FAILED,Major,---,8
莘闵纪王边缘2,S3900-2-A,10.192.84.47,None,CONNECT FAILED,Major,---,8
莘闵纪王边缘2,S3900-1-B,10.192.84.46,None,CONNECT FAILED,Major,---,8
浦东边缘10,S3900-2-B,10.192.82.112,None,CONNECT FAILED,Major,---,8
中区云南边缘2,S3900-1-B,10.192.81.78,None,CONNECT FAILED,Major,---,8
浦东边缘10,S3900-1-A,10.192.82.109,None,CONNECT FAILED,Major,---,8
西区濮家桥边缘2,S3900-2-A,10.192.83.175,None,CONNECT FAILED,Major,---,8
西区濮家桥边缘1,S3900-1-A,10.192.83.141,None,CONNECT FAILED,Major,---,8
浦东边缘9,S3900-2-A,10.192.82.79,None,CONNECT FAILED,Major,---,8
南区区域2,S3900-1-A,10.192.83.11,None,CONNECT FAILED,Major,---,8
中区云南边缘2,S3900-2-A,10.192.81.79,None,CONNECT FAILED,Major,---,8
浦东边缘9,S3900-1-A,10.192.82.77,None,CONNECT FAILED,Major,---,8
莘闵纪王边缘2,S3900-2-B,10.192.84.48,None,CONNECT FAILED,Major,---,8
西区濮家桥边缘1,S3900-2-B,10.192.83.144,None,CONNECT FAILED,Major,---,8
南区肇家浜边缘1,S3900-1-A,10.192.81.11,None,CONNECT FAILED,Major,---,8
南区区域2,S3900-1-B,10.192.83.12,None,CONNECT FAILED,Major,---,8
宝山边缘8,S3900-1-A,10.192.84.141,None,CONNECT FAILED,Major,---,8
奉贤边缘4,S3900-1-A,10.192.85.235,None,CONNECT FAILED,Major,---,8
西区濮家桥边缘2,S3900-1-A,10.192.83.173,None,CONNECT FAILED,Major,---,8
青浦边缘1,S3900-2-A,10.192.85.79,None,CONNECT FAILED,Major,---,8
中区云南边缘1,S3900-2-A,10.192.81.47,None,CONNECT FAILED,Major,---,8
浦东边缘8,S3900-2-B,10.192.82.48,None,CONNECT FAILED,Major,---,8
宝山边缘8,S3900-2-B,10.192.84.144,None,CONNECT FAILED,Major,---,8
浦东边缘9,S3900-2-B,10.192.82.80,None,CONNECT FAILED,Major,---,8
中区云南边缘3,S3900-2-A,10.192.82.207,None,CONNECT FAILED,Major,---,8
西区边缘2,S3900-2-A,10.192.83.111,None,CONNECT FAILED,Major,---,8
浦东边缘9,S3900-1-B,10.192.82.78,None,CONNECT FAILED,Major,---,8
